{
  "version": 1,
  "author": "SWAROOP SURESH",
  "editor": "wokwi",
  "parts": [
    { "type": "board-esp32-devkit-c-v4", "id": "esp", "top": -19.2, "left": -100.76, "attrs": {} },
    {
      "type": "wokwi-led",
      "id": "led1",
      "top": 159.6,
      "left": 224.6,
      "attrs": { "color": "blue" }
    },
    {
      "type": "wokwi-led",
      "id": "led2",
      "top": 159.6,
      "left": 378.2,
      "attrs": { "color": "red" }
    },
    {
      "type": "wokwi-led",
      "id": "led3",
      "top": 159.6,
      "left": 301.4,
      "attrs": { "color": "yellow" }
    },
    {
      "type": "board-ssd1306",
      "id": "oled1",
      "top": -25.66,
      "left": 192.23,
      "attrs": { "i2cAddress": "0x3c" }
    },
    {
      "type": "wokwi-resistor",
      "id": "r1",
      "top": 235.2,
      "left": 210.65,
      "rotate": 90,
      "attrs": { "value": "220" }
    },
    {
      "type": "wokwi-resistor",
      "id": "r2",
      "top": 235.2,
      "left": 364.25,
      "rotate": 90,
      "attrs": { "value": "220" }
    },
    {
      "type": "wokwi-resistor",
      "id": "r3",
      "top": 244.8,
      "left": 287.45,
      "rotate": 90,
      "attrs": { "value": "220" }
    },
    {
      "type": "wokwi-slide-potentiometer",
      "id": "pot1",
      "top": 149,
      "left": -500.2,
      "attrs": { "travelLength": "30" }
    },
    {
      "type": "wokwi-mpu6050",
      "id": "imu1",
      "top": 338.98,
      "left": -285.08,
      "rotate": 270,
      "attrs": {}
    }
  ],
  "connections": [
    [ "esp:TX", "$serialMonitor:RX", "", [] ],
    [ "esp:RX", "$serialMonitor:TX", "", [] ],
    [ "imu1:VCC", "esp:3V3", "red", [ "h0" ] ],
    [ "pot1:VCC", "esp:3V3", "red", [ "h0", "v-220.8", "h288" ] ],
    [ "imu1:GND", "esp:GND.1", "black", [ "h-67.2", "v143.92" ] ],
    [ "pot1:GND", "esp:GND.1", "black", [ "v0" ] ],
    [ "imu1:SCL", "esp:22", "#8f4814", [ "h-19.2", "v-67.28", "h451.2", "v86.4" ] ],
    [ "pot1:SIG", "esp:34", "green", [ "h0", "v56.8", "h240", "v-220.8" ] ],
    [ "imu1:SDA", "esp:21", "green", [ "h-96", "v-115.28", "h499.2", "v153.6" ] ],
    [ "oled1:GND", "esp:GND.1", "black", [ "h-57.6", "v220.8", "h-307.2", "v-96" ] ],
    [ "oled1:VCC", "esp:3V3", "red", [ "v-57.6", "h-326.25" ] ],
    [ "oled1:SCL", "esp:22", "#8f4814", [ "v-28.8", "h-191.7", "v9.6" ] ],
    [ "oled1:SDA", "esp:21", "green", [ "v-86.4", "h-143.93", "v134.4" ] ],
    [ "r1:1", "led1:C", "green", [ "h0" ] ],
    [ "r1:2", "esp:GND.3", "black", [ "h-192", "v-193.2" ] ],
    [ "led1:A", "esp:15", "green", [ "v0" ] ],
    [ "led2:A", "esp:2", "green", [ "v0" ] ],
    [ "led3:A", "esp:4", "green", [ "v0" ] ],
    [ "r3:2", "esp:GND.3", "black", [ "h0", "v27.6", "h-278.4", "v-220.8", "h0" ] ],
    [ "r2:2", "esp:GND.3", "black", [ "h0", "v66", "h-364.8", "v-28.8", "h9.6", "v-192" ] ],
    [ "r3:1", "led3:C", "green", [ "h0" ] ],
    [ "led2:C", "r2:1", "green", [ "v0" ] ]
  ],
  "dependencies": {}
}